{
  "embedding": {
    "accuracy": 0.9209138840070299,
    "precision": 0.8829787234042553,
    "recall": 0.8783068783068783,
    "f1": 0.8806366047745358
  },
  "bert": {
    "accuracy": 0.9824253075571178,
    "precision": 0.9837837837837838,
    "recall": 0.9629629629629629,
    "f1": 0.9732620320855615
  }
}
